{
  "lastUpdate": "2024-12-18T15:30:00.000Z",
  "source": "https://www.iddaa.com/populer-bahisler/futbol",
  "count": 10,
  "data": [
    {
      "sira": 1,
      "tarih": "Bugün",
      "saat": "20:30",
      "takimlar": "Galatasaray - Başakşehir",
      "evSahibi": "Galatasaray",
      "deplasman": "Başakşehir",
      "bahisTipi": "Maç Sonucu",
      "secim": "1",
      "oran": "1.43",
      "eskiOran": "1.38",
      "oynanma": "9100+",
      "timestamp": "2024-12-18T15:30:00.000Z"
    },
    {
      "sira": 2,
      "tarih": "Bugün",
      "saat": "21:00",
      "takimlar": "Ourense CF - Athletic Bilbao",
      "evSahibi": "Ourense CF",
      "deplasman": "Athletic Bilbao",
      "bahisTipi": "Maç Sonucu",
      "secim": "2",
      "oran": "1.34",
      "eskiOran": "1.29",
      "oynanma": "5400+",
      "timestamp": "2024-12-18T15:30:00.000Z"
    },
    {
      "sira": 3,
      "tarih": "Bugün",
      "saat": "23:00",
      "takimlar": "Murcia - Real Betis",
      "evSahibi": "Murcia",
      "deplasman": "Real Betis",
      "bahisTipi": "Maç Sonucu",
      "secim": "2",
      "oran": "1.34",
      "eskiOran": "1.29",
      "oynanma": "5000+",
      "timestamp": "2024-12-18T15:30:00.000Z"
    },
    {
      "sira": 4,
      "tarih": "Bugün",
      "saat": "23:45",
      "takimlar": "Porto - Famalicao",
      "evSahibi": "Porto",
      "deplasman": "Famalicao",
      "bahisTipi": "Maç Sonucu",
      "secim": "1",
      "oran": "1.29",
      "eskiOran": "1.24",
      "oynanma": "4800+",
      "timestamp": "2024-12-18T15:30:00.000Z"
    },
    {
      "sira": 5,
      "tarih": "Bugün",
      "saat": "21:45",
      "takimlar": "Santa Clara - Sporting Lizbon",
      "evSahibi": "Santa Clara",
      "deplasman": "Sporting Lizbon",
      "bahisTipi": "Maç Sonucu",
      "secim": "2",
      "oran": "1.36",
      "eskiOran": "1.31",
      "oynanma": "3000+",
      "timestamp": "2024-12-18T15:30:00.000Z"
    },
    {
      "sira": 6,
      "tarih": "Bugün",
      "saat": "22:00",
      "takimlar": "Napoli - AC Milan",
      "evSahibi": "Napoli",
      "deplasman": "AC Milan",
      "bahisTipi": "Karşılıklı Gol",
      "secim": "Var",
      "oran": "1.82",
      "eskiOran": "1.75",
      "oynanma": "2400+",
      "timestamp": "2024-12-18T15:30:00.000Z"
    },
    {
      "sira": 7,
      "tarih": "Bugün",
      "saat": "20:30",
      "takimlar": "Galatasaray - Başakşehir",
      "evSahibi": "Galatasaray",
      "deplasman": "Başakşehir",
      "bahisTipi": "Altı/Üstü 2,5",
      "secim": "Üst",
      "oran": "1.28",
      "eskiOran": "1.23",
      "oynanma": "2200+",
      "timestamp": "2024-12-18T15:30:00.000Z"
    },
    {
      "sira": 8,
      "tarih": "Bugün",
      "saat": "20:45",
      "takimlar": "Spakenburg - Twente",
      "evSahibi": "Spakenburg",
      "deplasman": "Twente",
      "bahisTipi": "Maç Sonucu",
      "secim": "2",
      "oran": "1.22",
      "eskiOran": "1.17",
      "oynanma": "1900+",
      "timestamp": "2024-12-18T15:30:00.000Z"
    },
    {
      "sira": 9,
      "tarih": "Bugün",
      "saat": "14:00",
      "takimlar": "Suudi Arabistan - Birleşik Arap Emirlikleri",
      "evSahibi": "Suudi Arabistan",
      "deplasman": "BAE",
      "bahisTipi": "Maç Sonucu",
      "secim": "1",
      "oran": "1.96",
      "eskiOran": "1.88",
      "oynanma": "1700+",
      "timestamp": "2024-12-18T15:30:00.000Z"
    },
    {
      "sira": 10,
      "tarih": "Bugün",
      "saat": "20:30",
      "takimlar": "Galatasaray - Başakşehir",
      "evSahibi": "Galatasaray",
      "deplasman": "Başakşehir",
      "bahisTipi": "Karşılıklı Gol",
      "secim": "Var",
      "oran": "1.38",
      "eskiOran": "1.33",
      "oynanma": "1500+",
      "timestamp": "2024-12-18T15:30:00.000Z"
    }
  ]
}
